<?xml version="1.0" encoding="UTF-8"?>
<project-private xmlns="http://www.netbeans.org/ns/project-private/1">
    <editor-bookmarks xmlns="http://www.netbeans.org/ns/editor-bookmarks/2" lastBookmarkId="0"/>
    <open-files xmlns="http://www.netbeans.org/ns/projectui-open-files/2">
        <group>
            <file>file:/C:/Users/Student/Documents/ENEL3SF%20Phase%202%20Report%20(GROUP%202)(1)/SOFTWARE%20ENGINEERING2%20PROJECT/Softwareprojects/web/AddMarks.jsp</file>
            <file>file:/C:/Users/Student/Documents/ENEL3SF%20Phase%202%20Report%20(GROUP%202)(1)/SOFTWARE%20ENGINEERING2%20PROJECT/Softwareprojects/web/style.css</file>
            <file>file:/C:/Users/Student/Documents/ENEL3SF%20Phase%202%20Report%20(GROUP%202)(1)/SOFTWARE%20ENGINEERING2%20PROJECT/Softwareprojects/web/LecturerLogin.jsp</file>
            <file>file:/C:/Users/Student/Documents/ENEL3SF%20Phase%202%20Report%20(GROUP%202)(1)/SOFTWARE%20ENGINEERING2%20PROJECT/Softwareprojects/web/StudentLogin.jsp</file>
            <file>file:/C:/Users/Student/Documents/ENEL3SF%20Phase%202%20Report%20(GROUP%202)(1)/SOFTWARE%20ENGINEERING2%20PROJECT/Softwareprojects/web/LecturerPage.jsp</file>
            <file>file:/C:/Users/Student/Documents/ENEL3SF%20Phase%202%20Report%20(GROUP%202)(1)/SOFTWARE%20ENGINEERING2%20PROJECT/Softwareprojects/web/Admini.jsp</file>
            <file>file:/C:/Users/Student/Documents/ENEL3SF%20Phase%202%20Report%20(GROUP%202)(1)/SOFTWARE%20ENGINEERING2%20PROJECT/Softwareprojects/src/java/login.java</file>
            <file>file:/C:/Users/Student/Documents/ENEL3SF%20Phase%202%20Report%20(GROUP%202)(1)/SOFTWARE%20ENGINEERING2%20PROJECT/Softwareprojects/src/java/MyDb.java</file>
            <file>file:/C:/Users/Student/Documents/ENEL3SF%20Phase%202%20Report%20(GROUP%202)(1)/SOFTWARE%20ENGINEERING2%20PROJECT/Softwareprojects/web/UpdateMarks.jsp</file>
            <file>file:/C:/Users/Student/Documents/ENEL3SF%20Phase%202%20Report%20(GROUP%202)(1)/SOFTWARE%20ENGINEERING2%20PROJECT/Softwareprojects/web/AdminSecurity.jsp</file>
            <file>file:/C:/Users/Student/Documents/ENEL3SF%20Phase%202%20Report%20(GROUP%202)(1)/SOFTWARE%20ENGINEERING2%20PROJECT/Softwareprojects/web/StudentPage.jsp</file>
            <file>file:/C:/Users/Student/Documents/ENEL3SF%20Phase%202%20Report%20(GROUP%202)(1)/SOFTWARE%20ENGINEERING2%20PROJECT/Softwareprojects/web/index.html</file>
            <file>file:/C:/Users/Student/Documents/ENEL3SF%20Phase%202%20Report%20(GROUP%202)(1)/SOFTWARE%20ENGINEERING2%20PROJECT/Softwareprojects/web/AddModule.jsp</file>
            <file>file:/C:/Users/Student/Documents/ENEL3SF%20Phase%202%20Report%20(GROUP%202)(1)/SOFTWARE%20ENGINEERING2%20PROJECT/Softwareprojects/src/java/lecturerlog.java</file>
            <file>file:/C:/Users/Student/Documents/ENEL3SF%20Phase%202%20Report%20(GROUP%202)(1)/SOFTWARE%20ENGINEERING2%20PROJECT/Softwareprojects/web/studentpageprocess.jsp</file>
            <file>file:/C:/Users/Student/Documents/ENEL3SF%20Phase%202%20Report%20(GROUP%202)(1)/SOFTWARE%20ENGINEERING2%20PROJECT/Softwareprojects/web/Capture.PNG</file>
            <file>file:/C:/Users/Student/Documents/ENEL3SF%20Phase%202%20Report%20(GROUP%202)(1)/SOFTWARE%20ENGINEERING2%20PROJECT/Softwareprojects/web/delete.jsp</file>
            <file>file:/C:/Users/Student/Documents/ENEL3SF%20Phase%202%20Report%20(GROUP%202)(1)/SOFTWARE%20ENGINEERING2%20PROJECT/Softwareprojects/src/java/adminlog.java</file>
        </group>
    </open-files>
</project-private>
